<S:Envelope xmlns:S="http://schemas.xmlsoap.org/soap/envelope/"
	xmlns:SOAP-ENV="http://schemas.xmlsoap.org/soap/envelope/">
	<SOAP-ENV:Header />
	<S:Body>
		<ns2:bookTicket xmlns:ns2="http://service.webservices.bt.com/">
			<arg0>
				<bookingDate>2016-02-18T10:55:15.423+05:30</bookingDate>
				<cost>5000.0</cost>
				<customer customerName="BT" id="12345">
					<address>Bangalore</address>
					<phoneNumber>12345678</phoneNumber>
					<dob>2016-02-18T10:55:15.401+05:30</dob>
					<gender>MALE</gender>
					<idProof>PAN</idProof>
				</customer>
				<destination>New Delhi</destination>
				<journeyDate>2016-02-18T10:55:15.424+05:30</journeyDate>
				<source>Bangalore</source>
			</arg0>
		</ns2:bookTicket>
	</S:Body>
</S:Envelope>
<S:Envelope xmlns:S="http://schemas.xmlsoap.org/soap/envelope/"
	xmlns:SOAP-ENV="http://schemas.xmlsoap.org/soap/envelope/">
	<SOAP-ENV:Header />
	<S:Body>
		<ns2:bookTicketResponse xmlns:ns2="http://service.webservices.bt.com/">
			<return>2TKT</return>
		</ns2:bookTicketResponse>
	</S:Body>
</S:Envelope>
<S:Envelope xmlns:S="http://schemas.xmlsoap.org/soap/envelope/"
	xmlns:SOAP-ENV="http://schemas.xmlsoap.org/soap/envelope/">
	<SOAP-ENV:Header />
	<S:Body>
		<ns2:getTicket xmlns:ns2="http://service.webservices.bt.com/">
			<arg0>2TKT</arg0>
		</ns2:getTicket>
	</S:Body>
</S:Envelope>
<S:Envelope xmlns:S="http://schemas.xmlsoap.org/soap/envelope/"
	xmlns:SOAP-ENV="http://schemas.xmlsoap.org/soap/envelope/">
	<SOAP-ENV:Header />
	<S:Body>
		<ns2:getTicketResponse xmlns:ns2="http://service.webservices.bt.com/">
			<return>
				<bookingDate>2016-02-18T10:55:15.423+05:30</bookingDate>
				<cost>5000.0</cost>
				<customer customerName="BT" id="12345">
					<address>Bangalore</address>
					<phoneNumber>12345678</phoneNumber>
					<dob>2016-02-18T10:55:15.401+05:30</dob>
					<gender>MALE</gender>
					<idProof>PAN</idProof>
				</customer>
				<destination>New Delhi</destination>
				<id>2TKT</id>
				<journeyDate>2016-02-18T10:55:15.424+05:30</journeyDate>
				<source>Bangalore</source>
			</return>
		</ns2:getTicketResponse>
	</S:Body>
</S:Envelope>

<!-- -Server side -->
<S:Envelope xmlns:S="http://schemas.xmlsoap.org/soap/envelope/"
	xmlns:SOAP-ENV="http://schemas.xmlsoap.org/soap/envelope/">
	<SOAP-ENV:Header />
	<S:Body>
		<ns2:bookTicket xmlns:ns2="http://service.webservices.bt.com/">
			<arg0>
				<bookingDate>2016-02-18T10:53:42.308+05:30</bookingDate>
				<cost>5000.0</cost>
				<customer customerName="BT" id="12345">
					<address>Bangalore</address>
					<phoneNumber>12345678</phoneNumber>
					<dob>2016-02-18T10:53:42.285+05:30</dob>
					<gender>MALE</gender>
					<idProof>PAN</idProof>
				</customer>
				<destination>New Delhi</destination>
				<journeyDate>2016-02-18T10:53:42.308+05:30</journeyDate>
				<source>Bangalore</source>
			</arg0>
		</ns2:bookTicket>
	</S:Body>
</S:Envelope>
<S:Envelope xmlns:S="http://schemas.xmlsoap.org/soap/envelope/"
	xmlns:SOAP-ENV="http://schemas.xmlsoap.org/soap/envelope/">
	<SOAP-ENV:Header />
	<S:Body>
		<ns2:bookTicketResponse xmlns:ns2="http://service.webservices.bt.com/">
			<return>1TKT</return>
		</ns2:bookTicketResponse>
	</S:Body>
</S:Envelope>
<S:Envelope xmlns:S="http://schemas.xmlsoap.org/soap/envelope/"
	xmlns:SOAP-ENV="http://schemas.xmlsoap.org/soap/envelope/">
	<SOAP-ENV:Header />
	<S:Body>
		<ns2:getTicket xmlns:ns2="http://service.webservices.bt.com/">
			<arg0>1TKT</arg0>
		</ns2:getTicket>
	</S:Body>
</S:Envelope>
<S:Envelope xmlns:S="http://schemas.xmlsoap.org/soap/envelope/"
	xmlns:SOAP-ENV="http://schemas.xmlsoap.org/soap/envelope/">
	<SOAP-ENV:Header />
	<S:Body>
		<ns2:getTicketResponse xmlns:ns2="http://service.webservices.bt.com/">
			<return>
				<bookingDate>2016-02-18T10:53:42.308+05:30</bookingDate>
				<cost>5000.0</cost>
				<customer customerName="BT" id="12345">
					<address>Bangalore</address>
					<phoneNumber>12345678</phoneNumber>
					<dob>2016-02-18T10:53:42.285+05:30</dob>
					<gender>MALE</gender>
					<idProof>PAN</idProof>
				</customer>
				<destination>New Delhi</destination>
				<id>1TKT</id>
				<journeyDate>2016-02-18T10:53:42.308+05:30</journeyDate>
				<source>Bangalore</source>
			</return>
		</ns2:getTicketResponse>
	</S:Body>
</S:Envelope>
<S:Envelope xmlns:S="http://schemas.xmlsoap.org/soap/envelope/"
	xmlns:SOAP-ENV="http://schemas.xmlsoap.org/soap/envelope/">
	<SOAP-ENV:Header />
	<S:Body>
		<ns2:bookTicket xmlns:ns2="http://service.webservices.bt.com/">
			<arg0>
				<bookingDate>2016-02-18T10:55:15.423+05:30</bookingDate>
				<cost>5000.0</cost>
				<customer customerName="BT" id="12345">
					<address>Bangalore</address>
					<phoneNumber>12345678</phoneNumber>
					<dob>2016-02-18T10:55:15.401+05:30</dob>
					<gender>MALE</gender>
					<idProof>PAN</idProof>
				</customer>
				<destination>New Delhi</destination>
				<journeyDate>2016-02-18T10:55:15.424+05:30</journeyDate>
				<source>Bangalore</source>
			</arg0>
		</ns2:bookTicket>
	</S:Body>
</S:Envelope>
<S:Envelope xmlns:S="http://schemas.xmlsoap.org/soap/envelope/"
	xmlns:SOAP-ENV="http://schemas.xmlsoap.org/soap/envelope/">
	<SOAP-ENV:Header />
	<S:Body>
		<ns2:bookTicketResponse xmlns:ns2="http://service.webservices.bt.com/">
			<return>2TKT</return>
		</ns2:bookTicketResponse>
	</S:Body>
</S:Envelope>
<S:Envelope xmlns:S="http://schemas.xmlsoap.org/soap/envelope/"
	xmlns:SOAP-ENV="http://schemas.xmlsoap.org/soap/envelope/">
	<SOAP-ENV:Header />
	<S:Body>
		<ns2:getTicket xmlns:ns2="http://service.webservices.bt.com/">
			<arg0>2TKT</arg0>
		</ns2:getTicket>
	</S:Body>
</S:Envelope>
<S:Envelope xmlns:S="http://schemas.xmlsoap.org/soap/envelope/"
	xmlns:SOAP-ENV="http://schemas.xmlsoap.org/soap/envelope/">
	<SOAP-ENV:Header />
	<S:Body>
		<ns2:getTicketResponse xmlns:ns2="http://service.webservices.bt.com/">
			<return>
				<bookingDate>2016-02-18T10:55:15.423+05:30</bookingDate>
				<cost>5000.0</cost>
				<customer customerName="BT" id="12345">
					<address>Bangalore</address>
					<phoneNumber>12345678</phoneNumber>
					<dob>2016-02-18T10:55:15.401+05:30</dob>
					<gender>MALE</gender>
					<idProof>PAN</idProof>
				</customer>
				<destination>New Delhi</destination>
				<id>2TKT</id>
				<journeyDate>2016-02-18T10:55:15.424+05:30</journeyDate>
				<source>Bangalore</source>
			</return>
		</ns2:getTicketResponse>
	</S:Body>
</S:Envelope>