<?xml version="1.0" encoding="UTF-8" standalone="yes"?>
<ticket>
    <bookingDate>2016-02-16T15:00:08.962+05:30</bookingDate>
    <cost>5000.0</cost>
    <customer id="12345" customerName="BT">
        <address>Bangalore</address>
        <phoneNumber>12345678</phoneNumber>
        <dob>2016-02-16T15:00:08.962+05:30</dob>
        <gender>MALE</gender>
        <idProof>PAN</idProof>
    </customer>
    <destination>New Delhi</destination>
    <id>PXR678</id>
    <journeyDate>2016-02-16T15:00:08.962+05:30</journeyDate>
    <source>Bangalore</source>
</ticket>
